{
  "data": {
    "type": "timeseries_response",
    "attributes": {
      "series": [
        {
          "query_index": 0,
          "unit": null,
          "group_tags": [
            "role:snuba-errors-tiger"
          ]
        }
      ],
      "values": [
        [
          60.65625,
          58.46875,
          56.28125,
          54.09375,
          51.427083,
          50.239583,
          52.697917,
          55.15625,
          56.447917,
          57.739583,
          59.03125,
          56.333333,
          53.635417,
          50.9375,
          50.59375,
          51.604167,
          52.614583,
          53.625,
          54.427083,
          55.229167,
          56.385417,
          64.5625,
          62.791667,
          61.020833,
          59.25,
          58.53125,
          57.8125,
          57.09375,
          59.75,
          62.40625,
          65.0625,
          64.34375,
          63.625,
          62.90625,
          59.104167,
          55.302083,
          51.5,
          51.46875,
          54.84375,
          54.197917,
          53.552083,
          52.90625,
          50.666667,
          48.427083,
          46.1875,
          50.520833,
          58.625,
          56.28125,
          53.9375,
          51.59375,
          49.020833,
          46.447917,
          43.875,
          41.322917,
          40.270833,
          41.229167,
          42.1875,
          43.5,
          44.8125,
          46.125,
          45.5625,
          44.65625,
          43.75,
          43.84375,
          46.6875,
          45.916667,
          46.020833,
          46.625,
          47.770833,
          50.09375,
          53.0,
          58.65625,
          64.3125,
          69.96875,
          71.96875,
          73.96875,
          75.96875,
          78.229167,
          80.489583,
          82.75,
          79.260417,
          75.770833,
          72.28125,
          69.1875,
          68.28125,
          73.8125,
          84.40625,
          81.3125,
          78.21875,
          75.125,
          73.875,
          72.625,
          71.375,
          67.927083,
          64.479167,
          61.03125,
          60.416667,
          59.802083,
          59.1875,
          57.395833,
          56.0,
          53.8125,
          52.583333,
          51.354167,
          53.197917,
          60.6875,
          67.489583,
          74.291667,
          81.09375,
          87.03125,
          102.59375,
          106.729167,
          110.864583,
          115.0,
          116.854167,
          118.708333,
          120.5625,
          114.770833,
          108.979167,
          106.739583,
          108.791667,
          110.84375,
          108.96875,
          107.09375,
          105.21875,
          99.395833,
          93.572917,
          87.75,
          84.25,
          80.75,
          77.25,
          74.260417,
          71.270833,
          68.28125,
          65.895833,
          63.510417,
          61.125,
          58.28125,
          55.0625,
          52.125,
          54.739583,
          57.447917,
          60.15625,
          58.510417,
          56.864583,
          55.21875,
          53.520833,
          51.822917,
          50.416667,
          52.0625,
          54.0,
          55.9375,
          55.6875,
          55.4375,
          55.1875,
          53.90625,
          53.083333,
          52.260417,
          51.4375,
          49.572917,
          47.708333,
          45.84375,
          44.21875,
          43.5625,
          42.822917,
          42.947917,
          45.4375,
          45.46875,
          45.5,
          45.53125,
          44.802083,
          44.59375,
          45.5625,
          46.53125,
          44.770833,
          43.96875,
          45.75,
          45.614583,
          45.479167,
          45.34375,
          44.479167,
          43.614583,
          42.75,
          44.364583,
          45.979167,
          47.59375,
          46.614583,
          45.635417,
          48.28125,
          49.34375,
          50.40625,
          51.46875,
          51.5,
          50.458333,
          50.666667,
          51.989583,
          54.21875,
          57.34375,
          61.75,
          60.6875,
          59.625,
          58.5625,
          56.697917,
          54.833333,
          52.96875,
          52.177083,
          51.385417,
          50.59375,
          48.416667,
          46.239583,
          44.447917,
          44.270833,
          44.09375,
          47.375,
          46.385417,
          45.395833,
          44.40625,
          43.78125,
          43.78125,
          43.625,
          43.46875,
          43.3125,
          42.885417,
          44.729167,
          48.927083,
          53.125,
          51.072917,
          49.020833
        ]
      ],